{"_type":"export","__export_format":4,"__export_date":"2023-08-27T19:11:01.911Z","__export_source":"insomnia.desktop.app:v2023.5.5","resources":[{"_id":"req_5338f71a810c4e6fbebee98cfb1a1b46","parentId":"wrk_0442953502c14236a1025562b492ba09","modified":1693163069328,"created":1693161191846,"url":"http://localhost:8080/produtos","name":"Cadastrar Produto único","description":"","method":"POST","body":{"mimeType":"application/json","text":"{\n\t\"nome\": \"Pera\",\n\t\"preco\": 10.0,\n\t\"qtdEstoque\": 9\n}"},"parameters":[],"headers":[{"name":"Content-Type","value":"application/json"},{"name":"User-Agent","value":"Insomnia/2023.5.5"}],"authentication":{},"metaSortKey":-1693161191846,"isPrivate":false,"settingStoreCookies":true,"settingSendCookies":true,"settingDisableRenderRequestBody":false,"settingEncodeUrl":true,"settingRebuildPath":true,"settingFollowRedirects":"global","_type":"request"},{"_id":"wrk_0442953502c14236a1025562b492ba09","parentId":null,"modified":1693161189524,"created":1693161189524,"name":"Estoque","description":"","scope":"collection","_type":"workspace"},{"_id":"req_47e2d0fc415544b1ba3cb4625fe8719d","parentId":"wrk_0442953502c14236a1025562b492ba09","modified":1693162247218,"created":1693161502053,"url":"http://localhost:8080/produtos","name":"Listar todos produtos","description":"","method":"GET","body":{},"parameters":[],"headers":[{"name":"User-Agent","value":"Insomnia/2023.5.5"}],"authentication":{},"metaSortKey":-1693161502053,"isPrivate":false,"settingStoreCookies":true,"settingSendCookies":true,"settingDisableRenderRequestBody":false,"settingEncodeUrl":true,"settingRebuildPath":true,"settingFollowRedirects":"global","_type":"request"},{"_id":"req_9e19af4d310f4ed99936ba02c2683d73","parentId":"wrk_0442953502c14236a1025562b492ba09","modified":1693162817590,"created":1693162250148,"url":"http://localhost:8080/produtos/0","name":"Atualizar produto 0","description":"","method":"PUT","body":{"mimeType":"application/json","text":"{\n\t\"nome\": \"Batata\",\n\t\"preco\": 5.0,\n\t\"qtdEstoque\": 10\n}"},"parameters":[],"headers":[{"name":"Content-Type","value":"application/json"},{"name":"User-Agent","value":"Insomnia/2023.5.5"}],"authentication":{},"metaSortKey":-1693162250148,"isPrivate":false,"settingStoreCookies":true,"settingSendCookies":true,"settingDisableRenderRequestBody":false,"settingEncodeUrl":true,"settingRebuildPath":true,"settingFollowRedirects":"global","_type":"request"},{"_id":"req_683e7a3896d3449aac92b18cb306c82e","parentId":"wrk_0442953502c14236a1025562b492ba09","modified":1693162835718,"created":1693162700928,"url":"http://localhost:8080/produtos/estoque/10","name":"Listar produtos qtdEstoque maior 10","description":"","method":"GET","body":{},"parameters":[],"headers":[{"name":"User-Agent","value":"Insomnia/2023.5.5"}],"authentication":{},"metaSortKey":-1693162700928,"isPrivate":false,"settingStoreCookies":true,"settingSendCookies":true,"settingDisableRenderRequestBody":false,"settingEncodeUrl":true,"settingRebuildPath":true,"settingFollowRedirects":"global","_type":"request"},{"_id":"env_0c02b349955c91eeffa38a2b5450682c2a7d0933","parentId":"wrk_0442953502c14236a1025562b492ba09","modified":1693161189530,"created":1693161189530,"name":"Base Environment","data":{},"dataPropertyOrder":null,"color":null,"isPrivate":false,"metaSortKey":1693161189530,"_type":"environment"},{"_id":"jar_0c02b349955c91eeffa38a2b5450682c2a7d0933","parentId":"wrk_0442953502c14236a1025562b492ba09","modified":1693161189531,"created":1693161189531,"name":"Default Jar","cookies":[],"_type":"cookie_jar"}]}