{"_type":"export","__export_format":4,"__export_date":"2023-09-03T14:49:00.633Z","__export_source":"insomnia.desktop.app:v2023.5.5","resources":[{"_id":"req_da34c89f28b243dd909716435bd7941a","parentId":"wrk_d3b66f02161d48f88d44be3da22dec11","modified":1693749669470,"created":1693748640925,"url":"http://localhost:8080/herois","name":"Listagem","description":"","method":"GET","body":{},"parameters":[],"headers":[{"name":"User-Agent","value":"Insomnia/2023.5.5"}],"authentication":{},"metaSortKey":-1693748640925,"isPrivate":false,"settingStoreCookies":true,"settingSendCookies":true,"settingDisableRenderRequestBody":false,"settingEncodeUrl":true,"settingRebuildPath":true,"settingFollowRedirects":"global","_type":"request"},{"_id":"wrk_d3b66f02161d48f88d44be3da22dec11","parentId":null,"modified":1693748617862,"created":1693748617862,"name":"Heroi","description":"","scope":"collection","_type":"workspace"},{"_id":"req_315349e53ebb40d6b2792ed1cf45a68d","parentId":"wrk_d3b66f02161d48f88d44be3da22dec11","modified":1693750777523,"created":1693749691792,"url":"http://localhost:8080/herois","name":"Cadastro","description":"","method":"POST","body":{"mimeType":"application/json","text":"{\n\t\"nome\": \"Aquaman\",\n\t\"habilidade\": \"Falar com animais aquáticos\",\n\t\"idade\": 30,\n\t\"forca\": 99\n}"},"parameters":[],"headers":[{"name":"Content-Type","value":"application/json"},{"name":"User-Agent","value":"Insomnia/2023.5.5"}],"authentication":{},"metaSortKey":-1693749691792,"isPrivate":false,"settingStoreCookies":true,"settingSendCookies":true,"settingDisableRenderRequestBody":false,"settingEncodeUrl":true,"settingRebuildPath":true,"settingFollowRedirects":"global","_type":"request"},{"_id":"req_c17372eeea874ed9a78264647c253c39","parentId":"wrk_d3b66f02161d48f88d44be3da22dec11","modified":1693752080666,"created":1693751269919,"url":"http://localhost:8080/herois/0","name":"Atualiza","description":"","method":"PUT","body":{"mimeType":"application/json","text":"{\n\t\"nome\": \"Batman\",\n\t\"habilidade\": \"Nenhuma\",\n\t\"idade\": 40,\n\t\"forca\": 23\n}"},"parameters":[],"headers":[{"name":"Content-Type","value":"application/json"},{"name":"User-Agent","value":"Insomnia/2023.5.5"}],"authentication":{},"metaSortKey":-1693751269919,"isPrivate":false,"settingStoreCookies":true,"settingSendCookies":true,"settingDisableRenderRequestBody":false,"settingEncodeUrl":true,"settingRebuildPath":true,"settingFollowRedirects":"global","_type":"request"},{"_id":"req_857946b633d546858a3e7a236b8ac2af","parentId":"wrk_d3b66f02161d48f88d44be3da22dec11","modified":1693752494701,"created":1693752393058,"url":"http://localhost:8080/herois/0","name":"Deletar","description":"","method":"DELETE","body":{},"parameters":[],"headers":[{"name":"User-Agent","value":"Insomnia/2023.5.5"}],"authentication":{},"metaSortKey":-1693752393058,"isPrivate":false,"settingStoreCookies":true,"settingSendCookies":true,"settingDisableRenderRequestBody":false,"settingEncodeUrl":true,"settingRebuildPath":true,"settingFollowRedirects":"global","_type":"request"},{"_id":"env_39e9fa766fa71116388f268fca86ab76442df653","parentId":"wrk_d3b66f02161d48f88d44be3da22dec11","modified":1693748617869,"created":1693748617869,"name":"Base Environment","data":{},"dataPropertyOrder":null,"color":null,"isPrivate":false,"metaSortKey":1693748617869,"_type":"environment"},{"_id":"jar_39e9fa766fa71116388f268fca86ab76442df653","parentId":"wrk_d3b66f02161d48f88d44be3da22dec11","modified":1693748617872,"created":1693748617872,"name":"Default Jar","cookies":[],"_type":"cookie_jar"}]}