{"_type":"export","__export_format":4,"__export_date":"2023-09-04T23:07:44.333Z","__export_source":"insomnia.desktop.app:v2023.5.5","resources":[{"_id":"req_74ce7dae0b114536ad881133edbae5a3","parentId":"wrk_fd779c767e70425f99c57f06607ffbf6","modified":1693866543191,"created":1693866529258,"url":"http://localhost:8080/alunos","name":"Listagem","description":"","method":"GET","body":{},"parameters":[],"headers":[{"name":"User-Agent","value":"Insomnia/2023.5.5"}],"authentication":{},"metaSortKey":-1693866529258,"isPrivate":false,"settingStoreCookies":true,"settingSendCookies":true,"settingDisableRenderRequestBody":false,"settingEncodeUrl":true,"settingRebuildPath":true,"settingFollowRedirects":"global","_type":"request"},{"_id":"wrk_fd779c767e70425f99c57f06607ffbf6","parentId":null,"modified":1693866527692,"created":1693866527692,"name":"Alunos","description":"","scope":"collection","_type":"workspace"},{"_id":"req_094f7ba8bbcc49ad98f59184cd6aa0be","parentId":"wrk_fd779c767e70425f99c57f06607ffbf6","modified":1693866579736,"created":1693866557393,"url":"http://localhost:8080/alunos","name":"Cadastro","description":"","method":"POST","body":{"mimeType":"application/json","text":"{\n\t\"nome\": \"Paulo Muniz\",\n\t\"email\": \"paulo.muniz@sptech.school\",\n\t\"notaContinuada1\": 8.0,\n\t\"notaContinuada2\": 5.8,\n\t\"notaContinuada3\": 7.0,\n\t\"notaIntegrada\": 9.0\n}"},"parameters":[],"headers":[{"name":"Content-Type","value":"application/json"},{"name":"User-Agent","value":"Insomnia/2023.5.5"}],"authentication":{},"metaSortKey":-1693866557393,"isPrivate":false,"settingStoreCookies":true,"settingSendCookies":true,"settingDisableRenderRequestBody":false,"settingEncodeUrl":true,"settingRebuildPath":true,"settingFollowRedirects":"global","_type":"request"},{"_id":"req_74f4e5160cb5463195a2aaf4bb51c36e","parentId":"wrk_fd779c767e70425f99c57f06607ffbf6","modified":1693868828721,"created":1693868434918,"url":"http://localhost:8080/alunos/0","name":"Listagem única","description":"","method":"GET","body":{},"parameters":[],"headers":[{"name":"User-Agent","value":"Insomnia/2023.5.5"}],"authentication":{},"metaSortKey":-1693868434918,"isPrivate":false,"settingStoreCookies":true,"settingSendCookies":true,"settingDisableRenderRequestBody":false,"settingEncodeUrl":true,"settingRebuildPath":true,"settingFollowRedirects":"global","_type":"request"},{"_id":"req_5173daaf25964fb9a9876f2833a75fbe","parentId":"wrk_fd779c767e70425f99c57f06607ffbf6","modified":1693868731174,"created":1693868465027,"url":"http://localhost:8080/alunos/0","name":"Atualiza","description":"","method":"PUT","body":{"mimeType":"application/json","text":"{\n\t\"nome\": \"Flankrin Oliveira\",\n\t\"email\": \"flankrin.oliveira@sptech.school\",\n\t\"notaContinuada1\": 6.0,\n\t\"notaContinuada2\": 9.8,\n\t\"notaContinuada3\": 7.0,\n\t\"notaIntegrada\": 7.0,\n\t\"notaFinal\": 7.24\n }"},"parameters":[],"headers":[{"name":"Content-Type","value":"application/json"},{"name":"User-Agent","value":"Insomnia/2023.5.5"}],"authentication":{},"metaSortKey":-1693868465027,"isPrivate":false,"settingStoreCookies":true,"settingSendCookies":true,"settingDisableRenderRequestBody":false,"settingEncodeUrl":true,"settingRebuildPath":true,"settingFollowRedirects":"global","_type":"request"},{"_id":"env_971841e8be543828a29a879a3a1e0d2563ceca39","parentId":"wrk_fd779c767e70425f99c57f06607ffbf6","modified":1693866527698,"created":1693866527698,"name":"Base Environment","data":{},"dataPropertyOrder":null,"color":null,"isPrivate":false,"metaSortKey":1693866527698,"_type":"environment"},{"_id":"jar_971841e8be543828a29a879a3a1e0d2563ceca39","parentId":"wrk_fd779c767e70425f99c57f06607ffbf6","modified":1693866527699,"created":1693866527699,"name":"Default Jar","cookies":[],"_type":"cookie_jar"}]}