{"_type":"export","__export_format":4,"__export_date":"2023-09-04T23:08:06.326Z","__export_source":"insomnia.desktop.app:v2023.5.5","resources":[{"_id":"req_8bba489b21e24df786c872126b471fe5","parentId":"wrk_989c85b9e0f34c148d2379942299e024","modified":1693865765639,"created":1693859805795,"url":"http://localhost:8080/times","name":"Cadastro","description":"","method":"POST","body":{"mimeType":"application/json","text":"{\n\t\"nome\": \"São Paulo\",\n\t\"treinador\": \"Felipão\",\n\t\"vitorias\": 2,\n\t\"derrotas\": 1,\n\t\"empates\": 0\n}"},"parameters":[],"headers":[{"name":"Content-Type","value":"application/json"},{"name":"User-Agent","value":"Insomnia/2023.5.5"}],"authentication":{},"metaSortKey":-1693859805795,"isPrivate":false,"settingStoreCookies":true,"settingSendCookies":true,"settingDisableRenderRequestBody":false,"settingEncodeUrl":true,"settingRebuildPath":true,"settingFollowRedirects":"global","_type":"request"},{"_id":"wrk_989c85b9e0f34c148d2379942299e024","parentId":null,"modified":1693859803279,"created":1693859803279,"name":"Futebol","description":"","scope":"collection","_type":"workspace"},{"_id":"req_084ac16f693448c4ad7e36ba9f5b1018","parentId":"wrk_989c85b9e0f34c148d2379942299e024","modified":1693860754915,"created":1693859932853,"url":"http://localhost:8080/times","name":"Listagem","description":"","method":"GET","body":{},"parameters":[],"headers":[{"name":"User-Agent","value":"Insomnia/2023.5.5"}],"authentication":{},"metaSortKey":-1693859932853,"isPrivate":false,"settingStoreCookies":true,"settingSendCookies":true,"settingDisableRenderRequestBody":false,"settingEncodeUrl":true,"settingRebuildPath":true,"settingFollowRedirects":"global","_type":"request"},{"_id":"req_ee8023fe40324671a5a5bad504d48641","parentId":"wrk_989c85b9e0f34c148d2379942299e024","modified":1693865753754,"created":1693861749198,"url":"http://localhost:8080/times/1","name":"Listagem única","description":"","method":"GET","body":{},"parameters":[],"headers":[{"name":"User-Agent","value":"Insomnia/2023.5.5"}],"authentication":{},"metaSortKey":-1693861749198,"isPrivate":false,"settingStoreCookies":true,"settingSendCookies":true,"settingDisableRenderRequestBody":false,"settingEncodeUrl":true,"settingRebuildPath":true,"settingFollowRedirects":"global","_type":"request"},{"_id":"req_eaed4f1abd03444582aa97626a961eba","parentId":"wrk_989c85b9e0f34c148d2379942299e024","modified":1693865328014,"created":1693865290411,"url":"http://localhost:8080/times/0/registrar-vitoria","name":"Registrar vitoria","description":"","method":"POST","body":{},"parameters":[],"headers":[{"name":"User-Agent","value":"Insomnia/2023.5.5"}],"authentication":{},"metaSortKey":-1693865290411,"isPrivate":false,"settingStoreCookies":true,"settingSendCookies":true,"settingDisableRenderRequestBody":false,"settingEncodeUrl":true,"settingRebuildPath":true,"settingFollowRedirects":"global","_type":"request"},{"_id":"req_b1de164a477e4430a40321d7f4c6cea2","parentId":"wrk_989c85b9e0f34c148d2379942299e024","modified":1693865803087,"created":1693865724759,"url":"http://localhost:8080/times/0/registrar-derrota","name":"Registrar derrota","description":"","method":"POST","body":{},"parameters":[],"headers":[{"name":"User-Agent","value":"Insomnia/2023.5.5"}],"authentication":{},"metaSortKey":-1693863519804.5,"isPrivate":false,"settingStoreCookies":true,"settingSendCookies":true,"settingDisableRenderRequestBody":false,"settingEncodeUrl":true,"settingRebuildPath":true,"settingFollowRedirects":"global","_type":"request"},{"_id":"req_ee87a1cd561c4fbabd3e4fc9bde4bd83","parentId":"wrk_989c85b9e0f34c148d2379942299e024","modified":1693865807076,"created":1693865729431,"url":"http://localhost:8080/times/0/registrar-empate","name":"Registrar empate","description":"","method":"POST","body":{},"parameters":[],"headers":[{"name":"User-Agent","value":"Insomnia/2023.5.5"}],"authentication":{},"metaSortKey":-1693862634501.25,"isPrivate":false,"settingStoreCookies":true,"settingSendCookies":true,"settingDisableRenderRequestBody":false,"settingEncodeUrl":true,"settingRebuildPath":true,"settingFollowRedirects":"global","_type":"request"},{"_id":"env_eb16808e38f6bee73c6906fd68ae0f3f2f2cf829","parentId":"wrk_989c85b9e0f34c148d2379942299e024","modified":1693859803281,"created":1693859803281,"name":"Base Environment","data":{},"dataPropertyOrder":null,"color":null,"isPrivate":false,"metaSortKey":1693859803281,"_type":"environment"},{"_id":"jar_eb16808e38f6bee73c6906fd68ae0f3f2f2cf829","parentId":"wrk_989c85b9e0f34c148d2379942299e024","modified":1693859803282,"created":1693859803282,"name":"Default Jar","cookies":[],"_type":"cookie_jar"}]}